"URL","error_message"
"https://crawford.house.gov","Error in if (!grepl(""^https?://"", pr_page_link)) { : 
  argument is of length zero"
"https://huffman.house.gov","Error in node_hunter(links[[i]], debug) : 
  No valid date node found for https://huffman.house.gov"
"https://kiley.house.gov","Error in if (!grepl(""^https?://"", pr_page_link)) { : 
  argument is of length zero"
"https://bera.house.gov","Error in node_hunter(links[[i]], debug) : 
  Pagination failed for https://bera.house.gov"
"https://kevinmullin.house.gov","Error in node_hunter(links[[i]], debug) : 
  Failed to build individual press release links for: https://kevinmullin.house.gov"
"https://lofgren.house.gov","Error in node_hunter(links[[i]], debug) : 
  Failed to build individual press release links for: https://lofgren.house.gov"
"https://gomez.house.gov","Error in node_hunter(links[[i]], debug) : 
  Pagination failed for https://gomez.house.gov"
"https://torres.house.gov","Error in node_hunter(links[[i]], debug) : 
  No valid date node found for https://torres.house.gov"
"https://takano.house.gov","Error in node_hunter(links[[i]], debug) : 
  No valid date node found for https://takano.house.gov"
"https://youngkim.house.gov","Error in node_hunter(links[[i]], debug) : 
  Pagination failed for https://youngkim.house.gov"
"https://barragan.house.gov","Error in node_hunter(links[[i]], debug) : 
  No valid title node found for https://barragan.house.gov"
"https://correa.house.gov","Error in node_hunter(links[[i]], debug) : 
  No valid date node found for https://correa.house.gov"
"https://levin.house.gov","Error in node_hunter(links[[i]], debug) : 
  No valid date node found for https://levin.house.gov"
"https://sarajacobs.house.gov","Error in node_hunter(links[[i]], debug) : 
  No valid date node found for https://sarajacobs.house.gov"
"https://vargas.house.gov","Error in node_hunter(links[[i]], debug) : 
  No valid date node found for https://vargas.house.gov"
"https://himes.house.gov","Error in node_hunter(links[[i]], debug) : 
  No valid date node found for https://himes.house.gov"
"https://hayes.house.gov","Error in node_hunter(links[[i]], debug) : 
  No valid date node found for https://hayes.house.gov"
"https://clerk.house.gov","Error in if (!grepl(""^https?://"", pr_page_link)) { : 
  argument is of length zero"
"https://clerk.house.gov","Error in if (!grepl(""^https?://"", pr_page_link)) { : 
  argument is of length zero"
"https://frost.house.gov","Error in node_hunter(links[[i]], debug) : 
  No valid date node found for https://frost.house.gov"
"https://luna.house.gov","Error in if (!grepl(""^https?://"", pr_page_link)) { : 
  argument is of length zero"
"https://castor.house.gov","Error in node_hunter(links[[i]], debug) : 
  Pagination failed for https://castor.house.gov"
"https://steube.house.gov","Error in node_hunter(links[[i]], debug) : 
  No valid date node found for https://steube.house.gov"
"https://donalds.house.gov","Error in node_hunter(links[[i]], debug) : 
  Pagination failed for https://donalds.house.gov"
"https://mast.house.gov","Error in node_hunter(links[[i]], debug) : 
  No valid date node found for https://mast.house.gov"
"https://moskowitz.house.gov","Error in if (!grepl(""^https?://"", pr_page_link)) { : 
  argument is of length zero"
"https://buddycarter.house.gov","Error in node_hunter(links[[i]], debug) : 
  Pagination failed for https://buddycarter.house.gov"
"https://nikemawilliams.house.gov","Error in if (!grepl(""^https?://"", pr_page_link)) { : 
  argument is of length zero"
"https://austinscott.house.gov","Error in node_hunter(links[[i]], debug) : 
  No valid date node found for https://austinscott.house.gov"
"https://loudermilk.house.gov","Error in xml_text(x, trim = trim) : Unexpected node type"
"https://moylan.house.gov","No pressers found in date range"
"https://case.house.gov","Error in node_hunter(links[[i]], debug) : 
  Pagination failed for https://case.house.gov"
"https://tokuda.house.gov","Error in node_hunter(links[[i]], debug) : 
  No valid date node found for https://tokuda.house.gov"
"https://casten.house.gov","Error in node_hunter(links[[i]], debug) : 
  No valid date node found for https://casten.house.gov"
"https://budzinski.house.gov","Error in if (!grepl(""^https?://"", pr_page_link)) { : 
  argument is of length zero"
"https://yakym.house.gov","Error in if (!grepl(""^https?://"", pr_page_link)) { : 
  argument is of length zero"
"https://nunn.house.gov","Error in (function (..., row.names = NULL, check.rows = FALSE, check.names = TRUE,  : 
  arguments imply differing number of rows: 6, 7, 10, 8, 14"
"https://guthrie.house.gov","Error in node_hunter(links[[i]], debug) : 
  Pagination failed for https://guthrie.house.gov"
"https://mcgarvey.house.gov","Error in node_hunter(links[[i]], debug) : 
  No valid date node found for https://mcgarvey.house.gov"
"https://clayhiggins.house.gov","Error in (function (..., row.names = NULL, check.rows = FALSE, check.names = TRUE,  : 
  arguments imply differing number of rows: 31, 23, 14, 20, 12, 16, 17, 13, 15, 18, 19"
"https://neal.house.gov","Error in node_hunter(links[[i]], debug) : 
  No valid date node found for https://neal.house.gov"
"https://mcgovern.house.gov","Error in node_hunter(links[[i]], debug) : 
  Pagination failed for https://mcgovern.house.gov"
"https://trahan.house.gov","Error in node_hunter(links[[i]], debug) : 
  Pagination failed for https://trahan.house.gov"
"https://auchincloss.house.gov","Error in node_hunter(links[[i]], debug) : 
  No valid date node found for https://auchincloss.house.gov"
"https://katherineclark.house.gov","Error in data.frame(date = dates[desired_dates], title = titles, body = texts,  : 
  arguments imply differing number of rows: 2, 3"
"https://pressley.house.gov","Error in node_hunter(links[[i]], debug) : 
  Failed to build individual press release links for: https://pressley.house.gov"
"https://keating.house.gov","Error in node_hunter(links[[i]], debug) : 
  Pagination failed for https://keating.house.gov"
"https://huizenga.house.gov","Error in node_hunter(links[[i]], debug) : 
  Pagination failed for https://huizenga.house.gov"
"https://debbiedingell.house.gov","Error in node_hunter(links[[i]], debug) : 
  Pagination failed for https://debbiedingell.house.gov"
"https://tlaib.house.gov","Error in if (!grepl(""^https?://"", pr_page_link)) { : 
  argument is of length zero"
"https://thanedar.house.gov","Error in node_hunter(links[[i]], debug) : 
  No valid date node found for https://thanedar.house.gov"
"https://fischbach.house.gov","Error in node_hunter(links[[i]], debug) : 
  Pagination failed for https://fischbach.house.gov"
"https://guest.house.gov","No pressers found in date range"
"https://jasonsmith.house.gov","Error in node_hunter(links[[i]], debug) : 
  Failed to build individual press release links for: https://jasonsmith.house.gov"
"https://bacon.house.gov","Error in node_hunter(links[[i]], debug) : 
  Pagination failed for https://bacon.house.gov"
"https://norcross.house.gov","Error in node_hunter(links[[i]], debug) : 
  No valid date node found for https://norcross.house.gov"
"https://chrissmith.house.gov","Error in node_hunter(links[[i]], debug) : 
  No valid title node found for https://chrissmith.house.gov"
"https://gottheimer.house.gov","Error in if (!grepl(""^https?://"", pr_page_link)) { : 
  argument is of length zero"
"https://watsoncoleman.house.gov","Error in node_hunter(links[[i]], debug) : 
  No valid date node found for https://watsoncoleman.house.gov"
"https://meeks.house.gov","Error in node_hunter(links[[i]], debug) : 
  No valid date node found for https://meeks.house.gov"
"https://jeffries.house.gov","Error in node_hunter(links[[i]], debug) : 
  No valid title node found for https://jeffries.house.gov"
"https://clarke.house.gov","Error in node_hunter(links[[i]], debug) : 
  Failed to build individual press release links for: https://clarke.house.gov"
"https://nadler.house.gov","Error in node_hunter(links[[i]], debug) : 
  Pagination failed for https://nadler.house.gov"
"https://ritchietorres.house.gov","Error in if (!grepl(""^https?://"", pr_page_link)) { : 
  argument is of length zero"
"https://patryan.house.gov","Error in node_hunter(links[[i]], debug) : 
  No valid title node found for https://patryan.house.gov"
"https://tonko.house.gov","Error in node_hunter(links[[i]], debug) : 
  Pagination failed for https://tonko.house.gov"
"https://foushee.house.gov","Error in node_hunter(links[[i]], debug) : 
  No valid date node found for https://foushee.house.gov"
"https://foxx.house.gov","Error in node_hunter(links[[i]], debug) : 
  Pagination failed for https://foxx.house.gov"
"https://rouzer.house.gov","Error in node_hunter(links[[i]], debug) : 
  Pagination failed for https://rouzer.house.gov"
"https://landsman.house.gov","Error in if (!grepl(""^https?://"", pr_page_link)) { : 
  argument is of length zero"
"https://jordan.house.gov","No pressers found in date range"
"https://rulli.house.gov","No pressers found in date range"
"https://maxmiller.house.gov","Error in if (!grepl(""^https?://"", pr_page_link)) { : 
  argument is of length zero"
"https://sykes.house.gov","Error in node_hunter(links[[i]], debug) : 
  No valid date node found for https://sykes.house.gov"
"https://joyce.house.gov","Error in if (!grepl(""^https?://"", pr_page_link)) { : 
  argument is of length zero"
"https://carey.house.gov","Error in node_hunter(links[[i]], debug) : 
  Pagination failed for https://carey.house.gov"
"https://lucas.house.gov","Error in if (!grepl(""^https?://"", pr_page_link)) { : 
  argument is of length zero"
"https://hoyle.house.gov","Error in node_hunter(links[[i]], debug) : 
  No valid date node found for https://hoyle.house.gov"
"https://houlahan.house.gov","Error in if (!grepl(""^https?://"", pr_page_link)) { : 
  argument is of length zero"
"https://perry.house.gov","Error in node_hunter(links[[i]], debug) : 
  Pagination failed for https://perry.house.gov"
"https://summerlee.house.gov","Error in if (!grepl(""^https?://"", pr_page_link)) { : 
  argument is of length zero"
"https://reschenthaler.house.gov","Error in node_hunter(links[[i]], debug) : 
  No valid date node found for https://reschenthaler.house.gov"
"https://clyburn.house.gov","Error in node_hunter(links[[i]], debug) : 
  No valid date node found for https://clyburn.house.gov"
"https://desjarlais.house.gov","Error in node_hunter(links[[i]], debug) : 
  Pagination failed for https://desjarlais.house.gov"
"https://gooden.house.gov","Error in node_hunter(links[[i]], debug) : 
  No valid date node found for https://gooden.house.gov"
"https://fletcher.house.gov","Error in node_hunter(links[[i]], debug) : 
  Pagination failed for https://fletcher.house.gov"
"https://escobar.house.gov","Error in node_hunter(links[[i]], debug) : 
  Pagination failed for https://escobar.house.gov"
"https://castro.house.gov","Error in node_hunter(links[[i]], debug) : 
  No valid date node found for https://castro.house.gov"
"https://cloud.house.gov","Error in if (!grepl(""^https?://"", pr_page_link)) { : 
  argument is of length zero"
"https://carter.house.gov","Error in node_hunter(links[[i]], debug) : 
  Pagination failed for https://carter.house.gov"
"https://babin.house.gov","Error in node_hunter(links[[i]], debug) : 
  Pagination failed for https://babin.house.gov"
"https://hunt.house.gov","No pressers found in date range"
"https://blakemoore.house.gov","Error in node_hunter(links[[i]], debug) : 
  No valid date node found for https://blakemoore.house.gov"
"https://owens.house.gov","Error in if (!grepl(""^https?://"", pr_page_link)) { : 
  argument is of length zero"
"https://wittman.house.gov","Error in node_hunter(links[[i]], debug) : 
  Pagination failed for https://wittman.house.gov"
"https://kiggans.house.gov","Error in node_hunter(links[[i]], debug) : 
  No valid date node found for https://kiggans.house.gov"
"https://beyer.house.gov","Error in node_hunter(links[[i]], debug) : 
  Pagination failed for https://beyer.house.gov"
"https://morgangriffith.house.gov","Error in node_hunter(links[[i]], debug) : 
  Pagination failed for https://morgangriffith.house.gov"
"https://connolly.house.gov","Error in node_hunter(links[[i]], debug) : 
  Pagination failed for https://connolly.house.gov"
"https://plaskett.house.gov","Error in node_hunter(links[[i]], debug) : 
  Pagination failed for https://plaskett.house.gov"
"https://delbene.house.gov","Error in node_hunter(links[[i]], debug) : 
  Pagination failed for https://delbene.house.gov"
"https://gluesenkampperez.house.gov","Error in if (!grepl(""^https?://"", pr_page_link)) { : 
  argument is of length zero"
"https://jayapal.house.gov","Error in xml_text(x, trim = trim) : Unexpected node type"
"https://strickland.house.gov","Error in node_hunter(links[[i]], debug) : 
  No valid PR text node found for https://strickland.house.gov"
"https://gwenmoore.house.gov","Error in node_hunter(links[[i]], debug) : 
  Pagination failed for https://gwenmoore.house.gov"
