bioguide,name,state,party,house_end,n_house_terms,host,n_captures,probed
D000355,"Dingell, John",MI,D,2015-01-03,30,,0,2026-07-28 08:53
Y000031,"Young, C.",FL,R,2013-10-18,22,young.house.gov,2000,2026-07-28 08:54
O000007,"Obey, David",WI,D,2011-01-03,21,,0,2026-07-28 08:55
S000810,"Stark, Fortney",CA,D,2013-01-03,20,,0,2026-07-28 08:57
M000725,"Miller, George",CA,D,2015-01-03,20,miller.house.gov,0,2026-07-28 08:58
W000215,"Waxman, Henry",CA,D,2015-01-03,20,waxman.house.gov,2000,2026-07-28 08:59
M001120,"Murtha, John",PA,D,2010-02-08,19,murtha.house.gov,2000,2026-07-28 08:59
R000011,"Rahall, Nick",WV,D,2015-01-03,19,rahall.house.gov,2000,2026-07-28 09:01
R000141,"Regula, Ralph",OH,R,2009-01-03,18,regula.house.gov,777,2026-07-28 09:02
O000006,"Oberstar, James",MN,D,2011-01-03,18,oberstar.house.gov,0,2026-07-28 09:06
D000327,"Dicks, Norman",WA,D,2013-01-03,18,,0,2026-07-28 09:07
K000172,"Kildee, Dale",MI,D,2013-01-03,18,kildee.house.gov,1354,2026-07-28 09:09
P000265,"Petri, Thomas",WI,R,2015-01-03,18,petri.house.gov,0,2026-07-28 09:11
S000465,"Skelton, Ike",MO,D,2011-01-03,17,,0,2026-07-28 09:15
L000274,"Lewis, Jerry",CA,R,2013-01-03,17,jerrylewis.house.gov,0,2026-07-28 09:18
H001022,"Hyde, Henry",IL,R,2007-01-03,16,,0,2026-07-28 09:19
D000492,"Dreier, David",CA,R,2013-01-03,16,dreier.house.gov,0,2026-07-28 09:21
L000169,"Leach, James",IA,R,2007-01-03,15,,0,2026-07-28 09:23
A000022,"Ackerman, Gary",NY,D,2013-01-03,15,ackerman.house.gov,2000,2026-07-28 09:24
B000410,"Berman, Howard",CA,D,2013-01-03,15,,0,2026-07-28 09:25
B001149,"Burton, Dan",IN,R,2013-01-03,15,,0,2026-07-28 09:26
T000326,"Towns, Edolphus",NY,D,2013-01-03,15,,0,2026-07-28 09:28
C000556,"Coble, Howard",NC,R,2015-01-03,15,,0,2026-07-28 09:29
S000005,"Sabo, Martin",MN,D,2007-01-03,14,,0,2026-07-28 09:31
T000188,"Thomas, William",CA,R,2007-01-03,14,thomas.house.gov,0,2026-07-28 09:32
L000090,"Lantos, Tom",CA,D,2008-02-11,14,lantos.house.gov,2000,2026-07-28 09:33
B000657,"Boucher, Frederick",VA,D,2011-01-03,14,boucher.house.gov,0,2026-07-28 09:37
M000844,"Mollohan, Alan",WV,D,2011-01-03,14,mollohan.house.gov,846,2026-07-28 09:38
O000107,"Ortiz, Solomon",TX,D,2011-01-03,14,ortiz.house.gov,2000,2026-07-28 09:39
S000749,"Spratt, John",SC,D,2011-01-03,14,spratt.house.gov,1049,2026-07-28 09:40
O000163,"Oxley, Michael",OH,R,2007-01-03,13,oxley.house.gov,270,2026-07-28 09:41
S000303,"Shaw, E.",FL,R,2007-01-03,13,shaw.house.gov,1172,2026-07-28 09:41
S000097,"Saxton, H.",NJ,R,2009-01-03,13,saxton.house.gov,1,2026-07-28 09:42
G000309,"Gordon, Barton",TN,D,2011-01-03,13,gordon.house.gov,2000,2026-07-28 09:43
K000008,"Kanjorski, Paul",PA,D,2011-01-03,13,kanjorski.house.gov,2000,2026-07-28 09:43
C000794,"Costello, Jerry",IL,D,2013-01-03,13,costello.house.gov,0,2026-07-28 09:45
G000021,"Gallegly, Elton",CA,R,2013-01-03,13,gallegly.house.gov,1,2026-07-28 09:46
H000528,"Herger, Walter",CA,R,2013-01-03,13,herger.house.gov,0,2026-07-28 09:48
A000210,"Andrews, Robert",NJ,D,2014-02-18,13,,0,2026-07-28 09:50
F000010,"Faleomavaega, Eni",AS,D,2015-01-03,13,faleomavaega.house.gov,2000,2026-07-28 09:50
B000589,"Boehner, John",OH,R,2015-10-31,13,johnboehner.house.gov,2000,2026-07-28 09:52
B000463,"Bilirakis, Michael",FL,R,2007-01-03,12,bilirakis.house.gov,2000,2026-07-28 09:53
B000586,"Boehlert, Sherwood",NY,R,2007-01-03,12,,0,2026-07-28 09:53
E000250,"Evans, Lane",IL,D,2007-01-03,12,evans.house.gov,0,2026-07-28 09:55
J000163,"Johnson, Nancy",CT,R,2007-01-03,12,johnson.house.gov,0,2026-07-28 09:55
O000159,"Owens, Major",NY,D,2007-01-03,12,owens.house.gov,1866,2026-07-28 09:57
P000149,"Payne, Donald",NJ,D,2012-03-06,12,payne.house.gov,2000,2026-07-28 09:57
S000822,"Stearns, Clifford",FL,R,2013-01-03,12,stearns.house.gov,2000,2026-07-28 09:58
C000071,"Camp, Dave",MI,R,2015-01-03,12,camp.house.gov,2000,2026-07-28 09:59
P000099,"Pastor, Ed",AZ,D,2015-01-03,12,pastor.house.gov,0,2026-07-28 10:00
K000306,"Kolbe, James",AZ,R,2007-01-03,11,,0,2026-07-28 10:01
B000072,"Baker, Richard",LA,R,2008-02-02,11,,0,2026-07-28 10:02
H000323,"Hastert, J.",IL,R,2007-11-26,11,hastert.house.gov,0,2026-07-28 10:03
M000388,"McCrery, James",LA,R,2009-01-03,11,mccrery.house.gov,97,2026-07-28 10:03
S001144,"Shays, Christopher",CT,R,2009-01-03,11,shays.house.gov,0,2026-07-28 10:04
A000014,"Abercrombie, Neil",HI,D,2010-03-01,11,abercrombie.house.gov,1541,2026-07-28 10:05
T000038,"Tanner, John",TN,D,2011-01-03,11,tanner.house.gov,772,2026-07-28 10:06
T000074,"Taylor, Gene",MS,D,2011-01-03,11,taylor.house.gov,0,2026-07-28 10:07
O000085,"Olver, John",MA,D,2013-01-03,11,olver.house.gov,2000,2026-07-28 10:08
W000207,"Watt, Melvin",NC,D,2014-01-06,11,watt.house.gov,2000,2026-07-28 10:08
K000220,"Kingston, Jack",GA,R,2015-01-03,11,kingston.house.gov,2000,2026-07-28 10:10
F000043,"Fattah, Chaka",PA,D,2016-06-23,11,fattah.house.gov,2000,2026-07-28 10:11
W000413,"Whitfield, Ed",KY,R,2016-09-07,11,whitfield.house.gov,0,2026-07-28 10:13
H000444,"Hefley, Joel",CO,R,2007-01-03,10,,0,2026-07-28 10:14
W000268,"Weldon, W.",PA,R,2007-01-03,10,weldon.house.gov,1147,2026-07-28 10:15
G000210,"Gillmor, Paul",OH,R,2007-09-05,10,gillmor.house.gov,404,2026-07-28 10:16
M000590,"McNulty, Michael",NY,D,2009-01-03,10,,0,2026-07-28 10:17
W000099,"Walsh, James",NY,R,2009-01-03,10,walsh.house.gov,0,2026-07-28 10:19
E000063,"Edwards, Thomas",TX,D,2011-01-03,10,edwards.house.gov,0,2026-07-28 10:20
F000116,"Filner, Bob",CA,D,2012-12-03,10,filner.house.gov,2000,2026-07-28 10:21
B000208,"Bartlett, Roscoe",MD,R,2013-01-03,10,bartlett.house.gov,2000,2026-07-28 10:21
H000627,"Hinchey, Maurice",NY,D,2013-01-03,10,hinchey.house.gov,2000,2026-07-28 10:22
H000712,"Holden, Tim",PA,D,2013-01-03,10,holden.house.gov,2000,2026-07-28 10:24
M001138,"Manzullo, Donald",IL,R,2013-01-03,10,manzullo.house.gov,2000,2026-07-28 10:24
W000738,"Woolsey, Lynn",CA,D,2013-01-03,10,woolsey.house.gov,2000,2026-07-28 10:24
H000329,"Hastings, Doc",WA,R,2015-01-03,10,hastings.house.gov,0,2026-07-28 10:26
C000141,"Cardin, Benjamin",MD,D,2007-01-03,10,cardin.house.gov,2000,2026-07-28 10:27
C000868,"Cramer, Robert",AL,D,2009-01-03,9,cramer.house.gov,2000,2026-07-28 10:27
D000429,"Doolittle, John",CA,R,2009-01-03,9,doolittle.house.gov,1343,2026-07-28 10:27
G000180,"Gilchrest, Wayne",MD,R,2009-01-03,9,gilchrest.house.gov,0,2026-07-28 10:29
H000666,"Hobson, David",OH,R,2009-01-03,9,hobson.house.gov,56,2026-07-28 10:29
J000070,"Jefferson, William",LA,D,2009-01-03,9,jefferson.house.gov,231,2026-07-28 10:30
R000033,"Ramstad, James",MN,R,2009-01-03,9,,0,2026-07-28 10:31
B001203,"Buyer, Stephen",IN,R,2011-01-03,9,buyer.house.gov,1,2026-07-28 10:32
C000243,"Castle, Michael",DE,R,2011-01-03,9,castle.house.gov,0,2026-07-28 10:34
D000168,"Deal, Nathan",GA,R,2010-03-22,9,nathandeal.house.gov,0,2026-07-28 10:35
D000299,"Diaz-Balart, Lincoln",FL,R,2011-01-03,9,diaz-balart.house.gov,2000,2026-07-28 10:36
E000092,"Ehlers, Vernon",MI,R,2011-01-03,9,ehlers.house.gov,430,2026-07-28 10:37
H000676,"Hoekstra, Peter",MI,R,2011-01-03,9,hoekstra.house.gov,0,2026-07-28 10:38
L000321,"Linder, John",GA,R,2011-01-03,9,linder.house.gov,2000,2026-07-28 10:39
M000472,"McHugh, John",NY,R,2009-09-21,9,mchugh.house.gov,2000,2026-07-28 10:39
P000422,"Pomeroy, Earl",ND,D,2011-01-03,9,pomeroy.house.gov,2000,2026-07-28 10:40
S001045,"Stupak, Bart",MI,D,2011-01-03,9,stupak.house.gov,1,2026-07-28 10:41
H000213,"Harman, Jane",CA,D,2011-02-28,9,harman.house.gov,604,2026-07-28 10:42
J000283,"Jackson, Jesse",IL,D,2012-11-21,9,,0,2026-07-28 10:43
L000553,"LaTourette, Steven",OH,R,2013-01-03,9,latourette.house.gov,881,2026-07-28 10:44
L000517,"Lungren, Daniel",CA,R,2013-01-03,9,lungren.house.gov,2000,2026-07-28 10:45
M001134,"Myrick, Sue",NC,R,2013-01-03,9,myrick.house.gov,1716,2026-07-28 10:47
E000172,"Emerson, Jo Ann",MO,R,2013-01-22,9,emerson.house.gov,595,2026-07-28 10:48
C000380,"Christensen, Donna",VI,D,2015-01-03,9,christensen.house.gov,0,2026-07-28 10:48
M000309,"McCarthy, Carolyn",NY,D,2015-01-03,9,mccarthy.house.gov,13,2026-07-28 10:49
T000266,"Tierney, John",MA,D,2015-01-03,9,tierney.house.gov,2000,2026-07-28 10:50
N000172,"Nussle, James",IA,R,2007-01-03,8,nussle.house.gov,291,2026-07-28 10:51
T000067,"Taylor, Charles",NC,R,2007-01-03,8,taylor.house.gov,2000,2026-07-28 10:52
E000268,"Everett, Terry",AL,R,2009-01-03,8,everett.house.gov,2000,2026-07-28 10:53
K000288,"Knollenberg, Joseph",MI,R,2009-01-03,8,knollenberg.house.gov,0,2026-07-28 10:54
L000293,"Lewis, Ron",KY,R,2009-01-03,8,lewis.house.gov,0,2026-07-28 10:55
M000627,"Meehan, Martin",MA,D,2007-07-01,8,meehan.house.gov,0,2026-07-28 10:56
P000555,"Pryce, Deborah",OH,R,2009-01-03,8,pryce.house.gov,0,2026-07-28 10:57
W000784,"Wynn, Albert",MD,D,2008-05-31,8,wynn.house.gov,0,2026-07-28 10:59
K000113,"Kennedy, Patrick",RI,D,2011-01-03,8,kennedy.house.gov,0,2026-07-28 11:00
R000004,"Radanovich, George",CA,R,2011-01-03,8,radanovich.house.gov,0,2026-07-28 11:02
S000275,"Shadegg, John",AZ,R,2011-01-03,8,johnshadegg.house.gov,1401,2026-07-28 11:04
S001143,"Souder, Mark",IN,R,2010-05-21,8,souder.house.gov,2000,2026-07-28 11:06
T000260,"Tiahrt, Todd",KS,R,2011-01-03,8,tiahrt.house.gov,2000,2026-07-28 11:08
W000119,"Wamp, Zach",TN,R,2011-01-03,8,,0,2026-07-28 11:08
I000026,"Inslee, Jay",WA,D,2012-03-20,8,inslee.house.gov,60,2026-07-28 11:09
B001228,"Bono Mack, Mary",CA,R,2013-01-03,8,bonomack.house.gov,2000,2026-07-28 11:09
B000652,"Boswell, Leonard",IA,D,2013-01-03,8,boswell.house.gov,2000,2026-07-28 11:11
R000170,"Reyes, Silvestre",TX,D,2013-01-03,8,reyes.house.gov,2000,2026-07-28 11:12
R000462,"Rothman, Steven",NJ,D,2013-01-03,8,rothman.house.gov,2000,2026-07-28 11:13
M001139,"Miller, Gary",CA,R,2015-01-03,8,miller.house.gov,0,2026-07-28 11:14
T000459,"Terry, Lee",NE,R,2015-01-03,8,terry.house.gov,0,2026-07-28 11:15
B000617,"Bonilla, Henry",TX,R,2007-01-03,7,bonilla.house.gov,401,2026-07-28 11:16
I000047,"Istook, Ernest",OK,R,2007-01-03,7,,0,2026-07-28 11:16
P000419,"Pombo, Richard",CA,R,2007-01-03,7,pombo.house.gov,68,2026-07-28 11:17
C000962,"Cubin, Barbara",WY,R,2009-01-03,7,cubin.house.gov,0,2026-07-28 11:18
D000136,"Davis, Thomas",VA,R,2008-11-24,7,davis.house.gov,2000,2026-07-28 11:18
E000187,"English, Philip",PA,R,2009-01-03,7,,0,2026-07-28 11:19
L000552,"LaHood, Ray",IL,R,2009-01-03,7,lahood.house.gov,314,2026-07-28 11:20
M000714,"Millender-McDonald, Juanita",CA,D,2007-04-22,7,millender-mcdonald.house.gov,2000,2026-07-28 11:20
N000159,"Norwood, Charles",GA,R,2007-02-13,7,norwood.house.gov,0,2026-07-28 11:21
W000267,"Weldon, David",FL,R,2009-01-03,7,weldon.house.gov,1147,2026-07-28 11:21
W000273,"Weller, Gerald",IL,R,2009-01-03,7,weller.house.gov,2000,2026-07-28 11:22
B000420,"Berry, Robert",AR,D,2011-01-03,7,berry.house.gov,1946,2026-07-28 11:23
B000716,"Boyd, Allen",FL,D,2011-01-03,7,boyd.house.gov,1568,2026-07-28 11:24
D000210,"Delahunt, William",MA,D,2011-01-03,7,delahunt.house.gov,465,2026-07-28 11:25
E000226,"Etheridge, Bob",NC,D,2011-01-03,7,etheridge.house.gov,0,2026-07-28 11:26
K000180,"Kilpatrick, Carolyn",MI,D,2011-01-03,7,kilpatrick.house.gov,1852,2026-07-28 11:27
S000672,"Snyder, Victor",AR,D,2011-01-03,7,,0,2026-07-28 11:28
T000057,"Tauscher, Ellen",CA,D,2009-06-26,7,tauscher.house.gov,0,2026-07-28 11:29
W000314,"Wexler, Robert",FL,D,2010-01-04,7,wexler.house.gov,2000,2026-07-28 11:30
W000792,"Weiner, Anthony",NY,D,2011-06-21,7,weiner.house.gov,1839,2026-07-28 11:31
W000793,"Wu, David",OR,D,2011-08-03,7,,0,2026-07-28 11:32
B001234,"Baca, Joe",CA,D,2013-01-03,7,baca.house.gov,964,2026-07-28 11:33
B000220,"Bass, Charles",NH,R,2013-01-03,7,bass.house.gov,0,2026-07-28 11:36
B001231,"Berkley, Shelley",NV,D,2013-01-03,7,berkley.house.gov,1805,2026-07-28 11:37
B001232,"Biggert, Judy",IL,R,2013-01-03,7,biggert.house.gov,2000,2026-07-28 11:38
B000461,"Bilbray, Brian",CA,R,2013-01-03,7,bilbray.house.gov,2000,2026-07-28 11:39
G000544,"Gonzalez, Charles",TX,D,2013-01-03,7,gonzalez.house.gov,2000,2026-07-28 11:39
M001150,"Miller, Candice",MI,R,2016-12-31,7,miller.house.gov,2000,2026-07-28 11:40
B000575,"Blunt, Roy",MO,R,2011-01-03,7,blunt.house.gov,0,2026-07-28 11:42
B000944,"Brown, Sherrod",OH,D,2007-01-03,7,brown.house.gov,2000,2026-07-28 11:44
G000536,"Gutknecht, Gilbert",MN,R,2007-01-03,6,gutknecht.house.gov,0,2026-07-28 11:45
H000413,"Hayworth, John",AZ,R,2007-01-03,6,hayworth.house.gov,2000,2026-07-28 11:45
H000807,"Hostettler, John",IN,R,2007-01-03,6,hostettler.house.gov,0,2026-07-28 11:46
K000078,"Kelly, Sue",NY,R,2007-01-03,6,kelly.house.gov,2000,2026-07-28 11:47
M000523,"McKinney, Cynthia",GA,D,2007-01-03,6,mckinney.house.gov,0,2026-07-28 11:48
R000566,"Ryun, Jim",KS,R,2007-01-03,6,ryun.house.gov,1106,2026-07-28 11:49
S001004,"Strickland, Ted",OH,D,2007-01-03,6,,0,2026-07-28 11:50
A000357,"Allen, Thomas",ME,D,2009-01-03,6,allen.house.gov,288,2026-07-28 11:51
C000116,"Cannon, Christopher",UT,R,2009-01-03,6,cannon.house.gov,850,2026-07-28 11:51
C000191,"Carson, Julia",IN,D,2007-12-15,6,carson.house.gov,2000,2026-07-28 11:52
F000440,"Fossella, Vito",NY,R,2009-01-03,6,,0,2026-07-28 11:53
G000280,"Goode, Virgil",VA,R,2009-01-03,6,,0,2026-07-28 11:53
H000762,"Hooley, Darlene",OR,D,2009-01-03,6,hooley.house.gov,1043,2026-07-28 11:54
H000948,"Hulshof, Kenny",MO,R,2009-01-03,6,hulshof.house.gov,0,2026-07-28 11:56
P000263,"Peterson, John",PA,R,2009-01-03,6,peterson.house.gov,0,2026-07-28 11:57
P000323,"Pickering, Charles",MS,R,2009-01-03,6,,0,2026-07-28 11:58
W000789,"Wilson, Heather",NM,R,2009-01-03,6,,0,2026-07-28 12:00
B001229,"Baird, Brian",WA,D,2011-01-03,6,,0,2026-07-28 12:01
I000023,"Inglis, Bob",SC,R,2011-01-03,6,inglis.house.gov,0,2026-07-28 12:03
M001140,"Moore, Dennis",KS,D,2011-01-03,6,moore.house.gov,0,2026-07-28 12:05
R000568,"Rodriguez, Ciro",TX,D,2011-01-03,6,rodriguez.house.gov,2000,2026-07-28 12:06
A000358,"Akin, W.",MO,R,2013-01-03,6,akin.house.gov,2000,2026-07-28 12:07
J000285,"Johnson, Timothy",IL,R,2013-01-03,6,johnson.house.gov,0,2026-07-28 12:09
P000587,"Pence, Mike",IN,R,2013-01-03,6,mikepence.house.gov,2000,2026-07-28 12:11
P000585,"Platts, Todd",PA,R,2013-01-03,6,platts.house.gov,0,2026-07-28 12:13
R000571,"Rehberg, Dennis",MT,R,2013-01-03,6,rehberg.house.gov,0,2026-07-28 12:14
R000573,"Ross, Mike",AR,D,2013-01-03,6,ross.house.gov,0,2026-07-28 12:16
S001155,"Sullivan, John",OK,R,2013-01-03,6,sullivan.house.gov,2000,2026-07-28 12:17
B001244,"Bonner, Jo",AL,R,2013-08-02,6,bonner.house.gov,0,2026-07-28 12:19
A000361,"Alexander, Rodney",LA,R,2013-09-27,6,alexander.house.gov,1994,2026-07-28 12:20
B001242,"Bishop, Timothy",NY,D,2015-01-03,6,bishop.house.gov,0,2026-07-28 12:22
G000549,"Gerlach, Jim",PA,R,2015-01-03,6,gerlach.house.gov,1961,2026-07-28 12:23
M001149,"Michaud, Michael",ME,D,2015-01-03,6,michaud.house.gov,0,2026-07-28 12:25
F000444,"Flake, Jeff",AZ,R,2013-01-03,6,,0,2026-07-28 12:27
D000114,"Davis, James",FL,D,2007-01-03,5,,0,2026-07-28 12:28
F000262,"Ford, Harold",TN,D,2007-01-03,5,,0,2026-07-28 12:30
G000152,"Gibbons, James",NV,R,2007-01-03,5,gibbons.house.gov,1,2026-07-28 12:30
J000082,"Jenkins, William",TN,R,2007-01-03,5,jenkins.house.gov,0,2026-07-28 12:32
N000143,"Northup, Anne",KY,R,2007-01-03,5,northup.house.gov,326,2026-07-28 12:32
H001029,"Hayes, Robin",NC,R,2009-01-03,5,,0,2026-07-28 12:34
J000284,"Jones, Stephanie",OH,D,2008-08-20,5,jones.house.gov,0,2026-07-28 12:35
L000043,"Lampson, Nicholas",TX,D,2009-01-03,5,lampson.house.gov,831,2026-07-28 12:36
R000569,"Reynolds, Thomas",NY,R,2009-01-03,5,reynolds.house.gov,1322,2026-07-28 12:37
T000458,"Tancredo, Thomas",CO,R,2009-01-03,5,tancredo.house.gov,1272,2026-07-28 12:38
B001235,"Brown, Henry",SC,R,2011-01-03,5,brown.house.gov,2000,2026-07-28 12:40
H001030,"Hill, Baron",IN,D,2011-01-03,5,hill.house.gov,997,2026-07-28 12:40
P000586,"Putnam, Adam",FL,R,2011-01-03,5,adamputnam.house.gov,528,2026-07-28 12:43
S001153,"Solis, Hilda",CA,D,2009-02-24,5,solis.house.gov,2000,2026-07-28 12:45
W000794,"Watson, Diane",CA,D,2011-01-03,5,watson.house.gov,445,2026-07-28 12:45
C001050,"Cardoza, Dennis",CA,D,2012-08-15,5,cardoza.house.gov,1340,2026-07-28 12:46
M001147,"McCotter, Thaddeus",MI,R,2012-07-06,5,mccotter.house.gov,2000,2026-07-28 12:47
C001058,"Chandler, Ben",KY,D,2013-01-03,5,chandler.house.gov,2000,2026-07-28 12:48
M001154,"Miller, R.",NC,D,2013-01-03,5,miller.house.gov,2000,2026-07-28 12:49
U000038,"Udall, Mark",CO,D,2009-01-03,5,udall.house.gov,0,2026-07-28 12:50
B001252,"Barrow, John",GA,D,2015-01-03,5,barrow.house.gov,2000,2026-07-28 12:50
C001064,"Campbell, John",CA,R,2015-01-03,5,campbell.house.gov,2000,2026-07-28 12:52
S001162,"Schwartz, Allyson",PA,D,2015-01-03,5,,0,2026-07-28 12:53
K000360,"Kirk, Mark",IL,R,2010-11-29,5,kirk.house.gov,2000,2026-07-28 12:54
U000039,"Udall, Tom",NM,D,2009-01-03,5,udall.house.gov,0,2026-07-28 12:56
S001146,"Sherwood, Donald",PA,R,2007-01-03,4,,0,2026-07-28 12:57
S001149,"Sweeney, John",NY,R,2007-01-03,4,sweeney.house.gov,0,2026-07-28 12:58
D000597,"Davis, Jo Ann",VA,R,2007-10-06,4,joanndavis.house.gov,0,2026-07-28 13:01
F000443,"Ferguson, Michael",NJ,R,2009-01-03,4,ferguson.house.gov,0,2026-07-28 13:02
K000361,"Keller, Ric",FL,R,2009-01-03,4,keller.house.gov,836,2026-07-28 13:03
B001239,"Barrett, James",SC,R,2011-01-03,4,barrett.house.gov,2000,2026-07-28 13:05
B001247,"Brown-Waite, Virginia",FL,R,2011-01-03,4,brown-waite.house.gov,0,2026-07-28 13:07
D000602,"Davis, Artur",AL,D,2011-01-03,4,davis.house.gov,2000,2026-07-28 13:08
D000599,"Davis, Lincoln",TN,D,2011-01-03,4,davis.house.gov,2000,2026-07-28 13:09
H001037,"Herseth Sandlin, Stephanie",SD,D,2011-01-03,4,hersethsandlin.house.gov,2000,2026-07-28 13:10
M001146,"Marshall, James",GA,D,2011-01-03,4,,0,2026-07-28 13:11
M001148,"Meek, Kendrick",FL,D,2011-01-03,4,meek.house.gov,67,2026-07-28 13:12
D000603,"Davis, Geoff",KY,R,2012-07-31,4,davis.house.gov,2000,2026-07-28 13:14
B001254,"Boren, Dan",OK,D,2013-01-03,4,boren.house.gov,449,2026-07-28 13:14
C001060,"Carnahan, Russ",MO,D,2013-01-03,4,carnahan.house.gov,2000,2026-07-28 13:15
M001155,"Mack, Connie",FL,R,2013-01-03,4,mack.house.gov,2000,2026-07-28 13:16
S001164,"Schmidt, Jean",OH,R,2013-01-03,4,schmidt.house.gov,2000,2026-07-28 13:16
B001259,"Braley, Bruce",IA,D,2015-01-03,4,braley.house.gov,2000,2026-07-28 13:17
B001262,"Broun, Paul",GA,R,2015-01-03,4,broun.house.gov,2000,2026-07-28 13:18
H001033,"Hart, Melissa",PA,R,2007-01-03,3,hart.house.gov,220,2026-07-28 13:19
K000358,"Kennedy, Mark",MN,R,2007-01-03,3,kennedy.house.gov,2000,2026-07-28 13:20
O000165,"Osborne, Thomas",NE,R,2007-01-03,3,,0,2026-07-28 13:21
O000166,"Otter, C.L.",ID,R,2007-01-03,3,otter.house.gov,292,2026-07-28 13:22
S001152,"Simmons, Robert",CT,R,2007-01-03,3,simmons.house.gov,735,2026-07-28 13:23
E000287,"Emanuel, Rahm",IL,D,2009-01-03,3,,0,2026-07-28 13:23
F000447,"Feeney, Tom",FL,R,2009-01-03,3,,0,2026-07-28 13:24
M001152,"Musgrave, Marilyn",CO,R,2009-01-03,3,musgrave.house.gov,1304,2026-07-28 13:24
P000589,"Porter, Jon",NV,R,2009-01-03,3,porter.house.gov,2000,2026-07-28 13:25
R000574,"Renzi, Rick",AZ,R,2009-01-03,3,,0,2026-07-28 13:26
B001253,"Bean, Melissa",IL,D,2011-01-03,3,bean.house.gov,0,2026-07-28 13:27
M001161,"Melancon, Charles",LA,D,2011-01-03,3,melancon.house.gov,2000,2026-07-28 13:28
S001158,"Salazar, John",CO,D,2011-01-03,3,,0,2026-07-28 13:29
G000554,"Giffords, Gabrielle",AZ,D,2012-01-25,3,giffords.house.gov,2000,2026-07-28 13:30
A000362,"Altmire, Jason",PA,D,2013-01-03,3,altmire.house.gov,2000,2026-07-28 13:31
R000581,"Richardson, Laura",CA,D,2013-01-03,3,richardson.house.gov,2000,2026-07-28 13:32
S001171,"Shuler, Heath",NC,D,2013-01-03,3,shuler.house.gov,590,2026-07-28 13:33
S001174,"Sutton, Betty",OH,D,2013-01-03,3,sutton.house.gov,2000,2026-07-28 13:34
O000169,"Owens, William",NY,D,2015-01-03,3,owens.house.gov,1866,2026-07-28 13:35
H001063,"Hahn, Janice",CA,D,2016-12-04,3,hahn.house.gov,2000,2026-07-28 13:36
D000607,"Donnelly, Joe",IN,D,2013-01-03,3,donnelly.house.gov,1504,2026-07-28 13:37
H001041,"Heller, Dean",NV,R,2011-05-09,3,heller.house.gov,768,2026-07-28 13:37
B001240,"Beauprez, Bob",CO,R,2007-01-03,2,beauprez.house.gov,0,2026-07-28 13:38
B001246,"Bradley, Jeb",NH,R,2007-01-03,2,bradley.house.gov,0,2026-07-28 13:38
C001052,"Chocola, Chris",IN,R,2007-01-03,2,chocola.house.gov,1412,2026-07-28 13:39
H001035,"Harris, Katherine",FL,R,2007-01-03,2,harris.house.gov,2000,2026-07-28 13:41
D000605,"Drake, Thelma",VA,R,2009-01-03,2,drake.house.gov,1099,2026-07-28 13:42
F000452,"Fortuño, Luis",PR,R,2009-01-03,2,,0,2026-07-28 13:42
J000287,"Jindal, Bobby",LA,R,2008-01-14,2,jindal.house.gov,837,2026-07-28 13:43
K000364,"Kuhl, John",NY,R,2009-01-03,2,kuhl.house.gov,2000,2026-07-28 13:44
A000363,"Arcuri, Michael",NY,D,2011-01-03,2,arcuri.house.gov,2000,2026-07-28 13:45
C001065,"Carney, Christopher",PA,D,2011-01-03,2,carney.house.gov,1149,2026-07-28 13:47
C001074,"Childers, Travis",MS,D,2011-01-03,2,childers.house.gov,1883,2026-07-28 13:48
E000289,"Ellsworth, Brad",IN,D,2011-01-03,2,ellsworth.house.gov,2000,2026-07-28 13:49
F000453,"Fallin, Mary",OK,R,2011-01-03,2,,0,2026-07-28 13:51
H001040,"Hare, Phil",IL,D,2011-01-03,2,hare.house.gov,2000,2026-07-28 13:52
H001043,"Hodes, Paul",NH,D,2011-01-03,2,hodes.house.gov,597,2026-07-28 13:53
K000365,"Kagen, Steve",WI,D,2011-01-03,2,kagen.house.gov,0,2026-07-28 13:54
K000366,"Klein, Ron",FL,D,2011-01-03,2,klein.house.gov,1909,2026-07-28 13:55
M001167,"Mitchell, Harry",AZ,D,2011-01-03,2,mitchell.house.gov,2000,2026-07-28 13:56
S001169,"Sestak, Joe",PA,D,2011-01-03,2,sestak.house.gov,2000,2026-07-28 13:57
S001173,"Space, Zachary",OH,D,2011-01-03,2,space.house.gov,1965,2026-07-28 13:59
W000801,"Wilson, Charles",OH,D,2011-01-03,2,wilson.house.gov,2000,2026-07-28 14:00
L000568,"Lee, Christopher",NY,R,2011-02-09,2,lee.house.gov,2000,2026-07-28 14:01
A000365,"Austria, Steve",OH,R,2013-01-03,2,austria.house.gov,1134,2026-07-28 14:02
C001081,"Critz, Mark",PA,D,2013-01-03,2,critz.house.gov,2000,2026-07-28 14:03
K000369,"Kissell, Larry",NC,D,2013-01-03,2,kissell.house.gov,0,2026-07-28 14:04
G000567,"Griffin, Tim",AR,R,2015-01-03,2,griffin.house.gov,2000,2026-07-28 14:05
R000594,"Runyan, Jon",NJ,R,2015-01-03,2,runyan.house.gov,2000,2026-07-28 14:06
S001186,"Southerland, Steve",FL,R,2015-01-03,2,southerland.house.gov,0,2026-07-28 14:08
B001279,"Barber, Ron",AZ,D,2015-01-03,2,barber.house.gov,2000,2026-07-28 14:10
S000937,"Stockman, Steve",TX,R,2015-01-03,2,stockman.house.gov,2000,2026-07-28 14:10
M001171,"Maffei, Daniel",NY,D,2015-01-03,2,,0,2026-07-28 14:12
G000569,"Grimm, Michael",NY,R,2015-01-03,2,grimm.house.gov,2000,2026-07-28 14:12
G000562,"Gardner, Cory",CO,R,2015-01-03,2,gardner.house.gov,0,2026-07-28 14:14
S001161,"Schwarz, John",MI,R,2007-01-03,1,schwarz.house.gov,1373,2026-07-28 14:14
S001160,"Sodrel, Michael",IN,R,2007-01-03,1,sodrel.house.gov,796,2026-07-28 14:16
S001166,"Sekula-Gibbs, Shelley",TX,R,2007-01-03,1,sekulagibbs.house.gov,0,2026-07-28 14:16
B001258,"Boyda, Nancy",KS,D,2009-01-03,1,nancyboyda.house.gov,0,2026-07-28 14:18
D000606,"Davis, David",TN,R,2009-01-03,1,davis.house.gov,2000,2026-07-28 14:20
M001164,"Mahoney, Tim",FL,D,2009-01-03,1,mahoney.house.gov,0,2026-07-28 14:21
S001167,"Sali, Bill",ID,R,2009-01-03,1,sali.house.gov,1476,2026-07-28 14:22
C001073,"Cazayoux, Donald",LA,D,2009-01-03,1,cazayoux.house.gov,249,2026-07-28 14:23
A000364,"Adler, John",NJ,D,2011-01-03,1,adler.house.gov,1374,2026-07-28 14:23
B001263,"Boccieri, John",OH,D,2011-01-03,1,boccieri.house.gov,1681,2026-07-28 14:25
B001264,"Bright, Bobby",AL,D,2011-01-03,1,bright.house.gov,2000,2026-07-28 14:26
C001079,"Cao, Anh",LA,R,2011-01-03,1,cao.house.gov,2000,2026-07-28 14:27
D000608,"Dahlkemper, Kathleen",PA,D,2011-01-03,1,dahlkemper.house.gov,2000,2026-07-28 14:27
D000609,"Driehaus, Steve",OH,D,2011-01-03,1,driehaus.house.gov,676,2026-07-28 14:28
G000557,"Griffith, Parker",AL,R,2011-01-03,1,griffith.house.gov,907,2026-07-28 14:29
H001044,"Halvorson, Deborah",IL,D,2011-01-03,1,,0,2026-07-28 14:30
K000372,"Kilroy, Mary Jo",OH,D,2011-01-03,1,,0,2026-07-28 14:31
K000370,"Kosmas, Suzanne",FL,D,2011-01-03,1,,0,2026-07-28 14:32
K000371,"Kratovil, Frank",MD,D,2011-01-03,1,kratovil.house.gov,1230,2026-07-28 14:33
M001172,"Markey, Betsy",CO,D,2011-01-03,1,markey.house.gov,2000,2026-07-28 14:33
M001173,"Massa, Eric",NY,D,2010-03-08,1,massa.house.gov,1011,2026-07-28 14:34
M001174,"McMahon, Michael",NY,D,2011-01-03,1,mcmahon.house.gov,1074,2026-07-28 14:35
M001175,"Minnick, Walter",ID,D,2011-01-03,1,minnick.house.gov,751,2026-07-28 14:35
N000183,"Nye, Glenn",VA,D,2011-01-03,1,nye.house.gov,944,2026-07-28 14:36
P000600,"Perriello, Thomas",VA,D,2011-01-03,1,perriello.house.gov,1208,2026-07-28 14:38
S001178,"Schauer, Mark",MI,D,2011-01-03,1,schauer.house.gov,0,2026-07-28 14:39
T000466,"Teague, Harry",NM,D,2011-01-03,1,teague.house.gov,2000,2026-07-28 14:41
M001178,"Murphy, Scott",NY,D,2011-01-03,1,murphy.house.gov,2000,2026-07-28 14:43
D000611,"Djou, Charles",HI,R,2011-01-03,1,djou.house.gov,225,2026-07-28 14:43
A000366,"Adams, Sandy",FL,R,2013-01-03,1,adams.house.gov,0,2026-07-28 14:45
B001272,"Berg, Rick",ND,R,2013-01-03,1,,0,2026-07-28 14:46
B001276,"Buerkle, Ann Marie",NY,R,2013-01-03,1,buerkle.house.gov,2000,2026-07-28 14:47
C001082,"Canseco, Francisco",TX,R,2013-01-03,1,canseco.house.gov,2000,2026-07-28 14:48
C001085,"Clarke, Hansen",MI,D,2013-01-03,1,clarke.house.gov,0,2026-07-28 14:50
C001086,"Cravaack, Chip",MN,R,2013-01-03,1,cravaack.house.gov,2000,2026-07-28 14:51
H001054,"Hayworth, Nan",NY,R,2013-01-03,1,hayworth.house.gov,2000,2026-07-28 14:52
L000574,"Landry, Jeff",LA,R,2013-01-03,1,landry.house.gov,2000,2026-07-28 14:53
Q000024,"Quayle, Ben",AZ,R,2013-01-03,1,quayle.house.gov,1670,2026-07-28 14:53
R000590,"Rivera, David",FL,R,2013-01-03,1,rivera.house.gov,2000,2026-07-28 14:54
S001182,"Schilling, Robert",IL,R,2013-01-03,1,schilling.house.gov,2000,2026-07-28 15:28
W000811,"Walsh, Joe",IL,R,2013-01-03,1,walsh.house.gov,2000,2026-07-28 15:30
W000807,"West, Allen",FL,R,2013-01-03,1,west.house.gov,2000,2026-07-28 15:30
H001062,"Hochul, Kathleen",NY,D,2013-01-03,1,,0,2026-07-28 15:32
T000471,"Turner, Robert",NY,R,2013-01-03,1,,0,2026-07-28 15:34
C001089,"Curson, David",MI,D,2013-01-03,1,curson.house.gov,2000,2026-07-28 15:35
R000596,"Radel, Trey",FL,R,2014-01-27,1,radel.house.gov,2000,2026-07-28 15:37
N000187,"Negrete McLeod, Gloria",CA,D,2015-01-03,1,negretemcleod.house.gov,2000,2026-07-28 15:39
G000573,"Garcia, Joe",FL,D,2015-01-03,1,,0,2026-07-28 15:40
E000292,"Enyart, William",IL,D,2015-01-03,1,enyart.house.gov,2000,2026-07-28 15:41
B001280,"Bentivolio, Kerry",MI,R,2015-01-03,1,bentivolio.house.gov,0,2026-07-28 15:43
G000572,"Gallego, Pete",TX,D,2015-01-03,1,gallego.house.gov,2000,2026-07-28 15:45
M001192,"McAllister, Vance",LA,R,2015-01-03,1,,0,2026-07-28 15:46
T000473,"Takai, Mark",HI,D,2016-07-20,1,takai.house.gov,83,2026-07-28 15:47
