bioguide,name,last,first,state,party,house_end,n_house_terms
D000355,"Dingell, John",dingell,john,MI,D,2015-01-03,30
Y000031,"Young, C.",young,c.,FL,R,2013-10-18,22
O000007,"Obey, David",obey,david,WI,D,2011-01-03,21
S000810,"Stark, Fortney",stark,fortney,CA,D,2013-01-03,20
M000725,"Miller, George",miller,george,CA,D,2015-01-03,20
W000215,"Waxman, Henry",waxman,henry,CA,D,2015-01-03,20
M001120,"Murtha, John",murtha,john,PA,D,2010-02-08,19
R000011,"Rahall, Nick",rahall,nick,WV,D,2015-01-03,19
R000141,"Regula, Ralph",regula,ralph,OH,R,2009-01-03,18
O000006,"Oberstar, James",oberstar,james,MN,D,2011-01-03,18
D000327,"Dicks, Norman",dicks,norman,WA,D,2013-01-03,18
K000172,"Kildee, Dale",kildee,dale,MI,D,2013-01-03,18
P000265,"Petri, Thomas",petri,thomas,WI,R,2015-01-03,18
S000465,"Skelton, Ike",skelton,ike,MO,D,2011-01-03,17
L000274,"Lewis, Jerry",lewis,jerry,CA,R,2013-01-03,17
H001022,"Hyde, Henry",hyde,henry,IL,R,2007-01-03,16
D000492,"Dreier, David",dreier,david,CA,R,2013-01-03,16
L000169,"Leach, James",leach,james,IA,R,2007-01-03,15
A000022,"Ackerman, Gary",ackerman,gary,NY,D,2013-01-03,15
B000410,"Berman, Howard",berman,howard,CA,D,2013-01-03,15
B001149,"Burton, Dan",burton,dan,IN,R,2013-01-03,15
T000326,"Towns, Edolphus",towns,edolphus,NY,D,2013-01-03,15
C000556,"Coble, Howard",coble,howard,NC,R,2015-01-03,15
S000005,"Sabo, Martin",sabo,martin,MN,D,2007-01-03,14
T000188,"Thomas, William",thomas,william,CA,R,2007-01-03,14
L000090,"Lantos, Tom",lantos,tom,CA,D,2008-02-11,14
B000657,"Boucher, Frederick",boucher,frederick,VA,D,2011-01-03,14
M000844,"Mollohan, Alan",mollohan,alan,WV,D,2011-01-03,14
O000107,"Ortiz, Solomon",ortiz,solomon,TX,D,2011-01-03,14
S000749,"Spratt, John",spratt,john,SC,D,2011-01-03,14
O000163,"Oxley, Michael",oxley,michael,OH,R,2007-01-03,13
S000303,"Shaw, E.",shaw,e.,FL,R,2007-01-03,13
S000097,"Saxton, H.",saxton,h.,NJ,R,2009-01-03,13
G000309,"Gordon, Barton",gordon,barton,TN,D,2011-01-03,13
K000008,"Kanjorski, Paul",kanjorski,paul,PA,D,2011-01-03,13
C000794,"Costello, Jerry",costello,jerry,IL,D,2013-01-03,13
G000021,"Gallegly, Elton",gallegly,elton,CA,R,2013-01-03,13
H000528,"Herger, Walter",herger,walter,CA,R,2013-01-03,13
A000210,"Andrews, Robert",andrews,robert,NJ,D,2014-02-18,13
F000010,"Faleomavaega, Eni",faleomavaega,eni,AS,D,2015-01-03,13
B000589,"Boehner, John",boehner,john,OH,R,2015-10-31,13
B000463,"Bilirakis, Michael",bilirakis,michael,FL,R,2007-01-03,12
B000586,"Boehlert, Sherwood",boehlert,sherwood,NY,R,2007-01-03,12
E000250,"Evans, Lane",evans,lane,IL,D,2007-01-03,12
J000163,"Johnson, Nancy",johnson,nancy,CT,R,2007-01-03,12
O000159,"Owens, Major",owens,major,NY,D,2007-01-03,12
P000149,"Payne, Donald",payne,donald,NJ,D,2012-03-06,12
S000822,"Stearns, Clifford",stearns,clifford,FL,R,2013-01-03,12
C000071,"Camp, Dave",camp,dave,MI,R,2015-01-03,12
P000099,"Pastor, Ed",pastor,ed,AZ,D,2015-01-03,12
K000306,"Kolbe, James",kolbe,james,AZ,R,2007-01-03,11
B000072,"Baker, Richard",baker,richard,LA,R,2008-02-02,11
H000323,"Hastert, J.",hastert,j.,IL,R,2007-11-26,11
M000388,"McCrery, James",mccrery,james,LA,R,2009-01-03,11
S001144,"Shays, Christopher",shays,christopher,CT,R,2009-01-03,11
A000014,"Abercrombie, Neil",abercrombie,neil,HI,D,2010-03-01,11
T000038,"Tanner, John",tanner,john,TN,D,2011-01-03,11
T000074,"Taylor, Gene",taylor,gene,MS,D,2011-01-03,11
O000085,"Olver, John",olver,john,MA,D,2013-01-03,11
W000207,"Watt, Melvin",watt,melvin,NC,D,2014-01-06,11
K000220,"Kingston, Jack",kingston,jack,GA,R,2015-01-03,11
F000043,"Fattah, Chaka",fattah,chaka,PA,D,2016-06-23,11
W000413,"Whitfield, Ed",whitfield,ed,KY,R,2016-09-07,11
H000444,"Hefley, Joel",hefley,joel,CO,R,2007-01-03,10
W000268,"Weldon, W.",weldon,w.,PA,R,2007-01-03,10
G000210,"Gillmor, Paul",gillmor,paul,OH,R,2007-09-05,10
M000590,"McNulty, Michael",mcnulty,michael,NY,D,2009-01-03,10
W000099,"Walsh, James",walsh,james,NY,R,2009-01-03,10
E000063,"Edwards, Thomas",edwards,thomas,TX,D,2011-01-03,10
F000116,"Filner, Bob",filner,bob,CA,D,2012-12-03,10
B000208,"Bartlett, Roscoe",bartlett,roscoe,MD,R,2013-01-03,10
H000627,"Hinchey, Maurice",hinchey,maurice,NY,D,2013-01-03,10
H000712,"Holden, Tim",holden,tim,PA,D,2013-01-03,10
M001138,"Manzullo, Donald",manzullo,donald,IL,R,2013-01-03,10
W000738,"Woolsey, Lynn",woolsey,lynn,CA,D,2013-01-03,10
H000329,"Hastings, Doc",hastings,doc,WA,R,2015-01-03,10
C000141,"Cardin, Benjamin",cardin,benjamin,MD,D,2007-01-03,10
C000868,"Cramer, Robert",cramer,robert,AL,D,2009-01-03,9
D000429,"Doolittle, John",doolittle,john,CA,R,2009-01-03,9
G000180,"Gilchrest, Wayne",gilchrest,wayne,MD,R,2009-01-03,9
H000666,"Hobson, David",hobson,david,OH,R,2009-01-03,9
J000070,"Jefferson, William",jefferson,william,LA,D,2009-01-03,9
R000033,"Ramstad, James",ramstad,james,MN,R,2009-01-03,9
B001203,"Buyer, Stephen",buyer,stephen,IN,R,2011-01-03,9
C000243,"Castle, Michael",castle,michael,DE,R,2011-01-03,9
D000168,"Deal, Nathan",deal,nathan,GA,R,2010-03-22,9
D000299,"Diaz-Balart, Lincoln",diaz-balart,lincoln,FL,R,2011-01-03,9
E000092,"Ehlers, Vernon",ehlers,vernon,MI,R,2011-01-03,9
H000676,"Hoekstra, Peter",hoekstra,peter,MI,R,2011-01-03,9
L000321,"Linder, John",linder,john,GA,R,2011-01-03,9
M000472,"McHugh, John",mchugh,john,NY,R,2009-09-21,9
P000422,"Pomeroy, Earl",pomeroy,earl,ND,D,2011-01-03,9
S001045,"Stupak, Bart",stupak,bart,MI,D,2011-01-03,9
H000213,"Harman, Jane",harman,jane,CA,D,2011-02-28,9
J000283,"Jackson, Jesse",jackson,jesse,IL,D,2012-11-21,9
L000553,"LaTourette, Steven",latourette,steven,OH,R,2013-01-03,9
L000517,"Lungren, Daniel",lungren,daniel,CA,R,2013-01-03,9
M001134,"Myrick, Sue",myrick,sue,NC,R,2013-01-03,9
E000172,"Emerson, Jo Ann",emerson,jo ann,MO,R,2013-01-22,9
C000380,"Christensen, Donna",christensen,donna,VI,D,2015-01-03,9
M000309,"McCarthy, Carolyn",mccarthy,carolyn,NY,D,2015-01-03,9
T000266,"Tierney, John",tierney,john,MA,D,2015-01-03,9
N000172,"Nussle, James",nussle,james,IA,R,2007-01-03,8
T000067,"Taylor, Charles",taylor,charles,NC,R,2007-01-03,8
E000268,"Everett, Terry",everett,terry,AL,R,2009-01-03,8
K000288,"Knollenberg, Joseph",knollenberg,joseph,MI,R,2009-01-03,8
L000293,"Lewis, Ron",lewis,ron,KY,R,2009-01-03,8
M000627,"Meehan, Martin",meehan,martin,MA,D,2007-07-01,8
P000555,"Pryce, Deborah",pryce,deborah,OH,R,2009-01-03,8
W000784,"Wynn, Albert",wynn,albert,MD,D,2008-05-31,8
K000113,"Kennedy, Patrick",kennedy,patrick,RI,D,2011-01-03,8
R000004,"Radanovich, George",radanovich,george,CA,R,2011-01-03,8
S000275,"Shadegg, John",shadegg,john,AZ,R,2011-01-03,8
S001143,"Souder, Mark",souder,mark,IN,R,2010-05-21,8
T000260,"Tiahrt, Todd",tiahrt,todd,KS,R,2011-01-03,8
W000119,"Wamp, Zach",wamp,zach,TN,R,2011-01-03,8
I000026,"Inslee, Jay",inslee,jay,WA,D,2012-03-20,8
B001228,"Bono Mack, Mary",bono mack,mary,CA,R,2013-01-03,8
B000652,"Boswell, Leonard",boswell,leonard,IA,D,2013-01-03,8
R000170,"Reyes, Silvestre",reyes,silvestre,TX,D,2013-01-03,8
R000462,"Rothman, Steven",rothman,steven,NJ,D,2013-01-03,8
M001139,"Miller, Gary",miller,gary,CA,R,2015-01-03,8
T000459,"Terry, Lee",terry,lee,NE,R,2015-01-03,8
B000617,"Bonilla, Henry",bonilla,henry,TX,R,2007-01-03,7
I000047,"Istook, Ernest",istook,ernest,OK,R,2007-01-03,7
P000419,"Pombo, Richard",pombo,richard,CA,R,2007-01-03,7
C000962,"Cubin, Barbara",cubin,barbara,WY,R,2009-01-03,7
D000136,"Davis, Thomas",davis,thomas,VA,R,2008-11-24,7
E000187,"English, Philip",english,philip,PA,R,2009-01-03,7
L000552,"LaHood, Ray",lahood,ray,IL,R,2009-01-03,7
M000714,"Millender-McDonald, Juanita",millender-mcdonald,juanita,CA,D,2007-04-22,7
N000159,"Norwood, Charles",norwood,charles,GA,R,2007-02-13,7
W000267,"Weldon, David",weldon,david,FL,R,2009-01-03,7
W000273,"Weller, Gerald",weller,gerald,IL,R,2009-01-03,7
B000420,"Berry, Robert",berry,robert,AR,D,2011-01-03,7
B000716,"Boyd, Allen",boyd,allen,FL,D,2011-01-03,7
D000210,"Delahunt, William",delahunt,william,MA,D,2011-01-03,7
E000226,"Etheridge, Bob",etheridge,bob,NC,D,2011-01-03,7
K000180,"Kilpatrick, Carolyn",kilpatrick,carolyn,MI,D,2011-01-03,7
S000672,"Snyder, Victor",snyder,victor,AR,D,2011-01-03,7
T000057,"Tauscher, Ellen",tauscher,ellen,CA,D,2009-06-26,7
W000314,"Wexler, Robert",wexler,robert,FL,D,2010-01-04,7
W000792,"Weiner, Anthony",weiner,anthony,NY,D,2011-06-21,7
W000793,"Wu, David",wu,david,OR,D,2011-08-03,7
B001234,"Baca, Joe",baca,joe,CA,D,2013-01-03,7
B000220,"Bass, Charles",bass,charles,NH,R,2013-01-03,7
B001231,"Berkley, Shelley",berkley,shelley,NV,D,2013-01-03,7
B001232,"Biggert, Judy",biggert,judy,IL,R,2013-01-03,7
B000461,"Bilbray, Brian",bilbray,brian,CA,R,2013-01-03,7
G000544,"Gonzalez, Charles",gonzalez,charles,TX,D,2013-01-03,7
M001150,"Miller, Candice",miller,candice,MI,R,2016-12-31,7
B000575,"Blunt, Roy",blunt,roy,MO,R,2011-01-03,7
B000944,"Brown, Sherrod",brown,sherrod,OH,D,2007-01-03,7
G000536,"Gutknecht, Gilbert",gutknecht,gilbert,MN,R,2007-01-03,6
H000413,"Hayworth, John",hayworth,john,AZ,R,2007-01-03,6
H000807,"Hostettler, John",hostettler,john,IN,R,2007-01-03,6
K000078,"Kelly, Sue",kelly,sue,NY,R,2007-01-03,6
M000523,"McKinney, Cynthia",mckinney,cynthia,GA,D,2007-01-03,6
R000566,"Ryun, Jim",ryun,jim,KS,R,2007-01-03,6
S001004,"Strickland, Ted",strickland,ted,OH,D,2007-01-03,6
A000357,"Allen, Thomas",allen,thomas,ME,D,2009-01-03,6
C000116,"Cannon, Christopher",cannon,christopher,UT,R,2009-01-03,6
C000191,"Carson, Julia",carson,julia,IN,D,2007-12-15,6
F000440,"Fossella, Vito",fossella,vito,NY,R,2009-01-03,6
G000280,"Goode, Virgil",goode,virgil,VA,R,2009-01-03,6
H000762,"Hooley, Darlene",hooley,darlene,OR,D,2009-01-03,6
H000948,"Hulshof, Kenny",hulshof,kenny,MO,R,2009-01-03,6
P000263,"Peterson, John",peterson,john,PA,R,2009-01-03,6
P000323,"Pickering, Charles",pickering,charles,MS,R,2009-01-03,6
W000789,"Wilson, Heather",wilson,heather,NM,R,2009-01-03,6
B001229,"Baird, Brian",baird,brian,WA,D,2011-01-03,6
I000023,"Inglis, Bob",inglis,bob,SC,R,2011-01-03,6
M001140,"Moore, Dennis",moore,dennis,KS,D,2011-01-03,6
R000568,"Rodriguez, Ciro",rodriguez,ciro,TX,D,2011-01-03,6
A000358,"Akin, W.",akin,w.,MO,R,2013-01-03,6
J000285,"Johnson, Timothy",johnson,timothy,IL,R,2013-01-03,6
P000587,"Pence, Mike",pence,mike,IN,R,2013-01-03,6
P000585,"Platts, Todd",platts,todd,PA,R,2013-01-03,6
R000571,"Rehberg, Dennis",rehberg,dennis,MT,R,2013-01-03,6
R000573,"Ross, Mike",ross,mike,AR,D,2013-01-03,6
S001155,"Sullivan, John",sullivan,john,OK,R,2013-01-03,6
B001244,"Bonner, Jo",bonner,jo,AL,R,2013-08-02,6
A000361,"Alexander, Rodney",alexander,rodney,LA,R,2013-09-27,6
B001242,"Bishop, Timothy",bishop,timothy,NY,D,2015-01-03,6
G000549,"Gerlach, Jim",gerlach,jim,PA,R,2015-01-03,6
M001149,"Michaud, Michael",michaud,michael,ME,D,2015-01-03,6
F000444,"Flake, Jeff",flake,jeff,AZ,R,2013-01-03,6
D000114,"Davis, James",davis,james,FL,D,2007-01-03,5
F000262,"Ford, Harold",ford,harold,TN,D,2007-01-03,5
G000152,"Gibbons, James",gibbons,james,NV,R,2007-01-03,5
J000082,"Jenkins, William",jenkins,william,TN,R,2007-01-03,5
N000143,"Northup, Anne",northup,anne,KY,R,2007-01-03,5
H001029,"Hayes, Robin",hayes,robin,NC,R,2009-01-03,5
J000284,"Jones, Stephanie",jones,stephanie,OH,D,2008-08-20,5
L000043,"Lampson, Nicholas",lampson,nicholas,TX,D,2009-01-03,5
R000569,"Reynolds, Thomas",reynolds,thomas,NY,R,2009-01-03,5
T000458,"Tancredo, Thomas",tancredo,thomas,CO,R,2009-01-03,5
B001235,"Brown, Henry",brown,henry,SC,R,2011-01-03,5
H001030,"Hill, Baron",hill,baron,IN,D,2011-01-03,5
P000586,"Putnam, Adam",putnam,adam,FL,R,2011-01-03,5
S001153,"Solis, Hilda",solis,hilda,CA,D,2009-02-24,5
W000794,"Watson, Diane",watson,diane,CA,D,2011-01-03,5
C001050,"Cardoza, Dennis",cardoza,dennis,CA,D,2012-08-15,5
M001147,"McCotter, Thaddeus",mccotter,thaddeus,MI,R,2012-07-06,5
C001058,"Chandler, Ben",chandler,ben,KY,D,2013-01-03,5
M001154,"Miller, R.",miller,r.,NC,D,2013-01-03,5
U000038,"Udall, Mark",udall,mark,CO,D,2009-01-03,5
B001252,"Barrow, John",barrow,john,GA,D,2015-01-03,5
C001064,"Campbell, John",campbell,john,CA,R,2015-01-03,5
S001162,"Schwartz, Allyson",schwartz,allyson,PA,D,2015-01-03,5
K000360,"Kirk, Mark",kirk,mark,IL,R,2010-11-29,5
U000039,"Udall, Tom",udall,tom,NM,D,2009-01-03,5
S001146,"Sherwood, Donald",sherwood,donald,PA,R,2007-01-03,4
S001149,"Sweeney, John",sweeney,john,NY,R,2007-01-03,4
D000597,"Davis, Jo Ann",davis,jo ann,VA,R,2007-10-06,4
F000443,"Ferguson, Michael",ferguson,michael,NJ,R,2009-01-03,4
K000361,"Keller, Ric",keller,ric,FL,R,2009-01-03,4
B001239,"Barrett, James",barrett,james,SC,R,2011-01-03,4
B001247,"Brown-Waite, Virginia",brown-waite,virginia,FL,R,2011-01-03,4
D000602,"Davis, Artur",davis,artur,AL,D,2011-01-03,4
D000599,"Davis, Lincoln",davis,lincoln,TN,D,2011-01-03,4
H001037,"Herseth Sandlin, Stephanie",herseth sandlin,stephanie,SD,D,2011-01-03,4
M001146,"Marshall, James",marshall,james,GA,D,2011-01-03,4
M001148,"Meek, Kendrick",meek,kendrick,FL,D,2011-01-03,4
D000603,"Davis, Geoff",davis,geoff,KY,R,2012-07-31,4
B001254,"Boren, Dan",boren,dan,OK,D,2013-01-03,4
C001060,"Carnahan, Russ",carnahan,russ,MO,D,2013-01-03,4
M001155,"Mack, Connie",mack,connie,FL,R,2013-01-03,4
S001164,"Schmidt, Jean",schmidt,jean,OH,R,2013-01-03,4
B001259,"Braley, Bruce",braley,bruce,IA,D,2015-01-03,4
B001262,"Broun, Paul",broun,paul,GA,R,2015-01-03,4
H001033,"Hart, Melissa",hart,melissa,PA,R,2007-01-03,3
K000358,"Kennedy, Mark",kennedy,mark,MN,R,2007-01-03,3
O000165,"Osborne, Thomas",osborne,thomas,NE,R,2007-01-03,3
O000166,"Otter, C.L.",otter,c.l.,ID,R,2007-01-03,3
S001152,"Simmons, Robert",simmons,robert,CT,R,2007-01-03,3
E000287,"Emanuel, Rahm",emanuel,rahm,IL,D,2009-01-03,3
F000447,"Feeney, Tom",feeney,tom,FL,R,2009-01-03,3
M001152,"Musgrave, Marilyn",musgrave,marilyn,CO,R,2009-01-03,3
P000589,"Porter, Jon",porter,jon,NV,R,2009-01-03,3
R000574,"Renzi, Rick",renzi,rick,AZ,R,2009-01-03,3
B001253,"Bean, Melissa",bean,melissa,IL,D,2011-01-03,3
M001161,"Melancon, Charles",melancon,charles,LA,D,2011-01-03,3
S001158,"Salazar, John",salazar,john,CO,D,2011-01-03,3
G000554,"Giffords, Gabrielle",giffords,gabrielle,AZ,D,2012-01-25,3
A000362,"Altmire, Jason",altmire,jason,PA,D,2013-01-03,3
R000581,"Richardson, Laura",richardson,laura,CA,D,2013-01-03,3
S001171,"Shuler, Heath",shuler,heath,NC,D,2013-01-03,3
S001174,"Sutton, Betty",sutton,betty,OH,D,2013-01-03,3
O000169,"Owens, William",owens,william,NY,D,2015-01-03,3
H001063,"Hahn, Janice",hahn,janice,CA,D,2016-12-04,3
D000607,"Donnelly, Joe",donnelly,joe,IN,D,2013-01-03,3
H001041,"Heller, Dean",heller,dean,NV,R,2011-05-09,3
B001240,"Beauprez, Bob",beauprez,bob,CO,R,2007-01-03,2
B001246,"Bradley, Jeb",bradley,jeb,NH,R,2007-01-03,2
C001052,"Chocola, Chris",chocola,chris,IN,R,2007-01-03,2
H001035,"Harris, Katherine",harris,katherine,FL,R,2007-01-03,2
D000605,"Drake, Thelma",drake,thelma,VA,R,2009-01-03,2
F000452,"Fortuño, Luis",fortuno,luis,PR,R,2009-01-03,2
J000287,"Jindal, Bobby",jindal,bobby,LA,R,2008-01-14,2
K000364,"Kuhl, John",kuhl,john,NY,R,2009-01-03,2
A000363,"Arcuri, Michael",arcuri,michael,NY,D,2011-01-03,2
C001065,"Carney, Christopher",carney,christopher,PA,D,2011-01-03,2
C001074,"Childers, Travis",childers,travis,MS,D,2011-01-03,2
E000289,"Ellsworth, Brad",ellsworth,brad,IN,D,2011-01-03,2
F000453,"Fallin, Mary",fallin,mary,OK,R,2011-01-03,2
H001040,"Hare, Phil",hare,phil,IL,D,2011-01-03,2
H001043,"Hodes, Paul",hodes,paul,NH,D,2011-01-03,2
K000365,"Kagen, Steve",kagen,steve,WI,D,2011-01-03,2
K000366,"Klein, Ron",klein,ron,FL,D,2011-01-03,2
M001167,"Mitchell, Harry",mitchell,harry,AZ,D,2011-01-03,2
S001169,"Sestak, Joe",sestak,joe,PA,D,2011-01-03,2
S001173,"Space, Zachary",space,zachary,OH,D,2011-01-03,2
W000801,"Wilson, Charles",wilson,charles,OH,D,2011-01-03,2
L000568,"Lee, Christopher",lee,christopher,NY,R,2011-02-09,2
A000365,"Austria, Steve",austria,steve,OH,R,2013-01-03,2
C001081,"Critz, Mark",critz,mark,PA,D,2013-01-03,2
K000369,"Kissell, Larry",kissell,larry,NC,D,2013-01-03,2
G000567,"Griffin, Tim",griffin,tim,AR,R,2015-01-03,2
R000594,"Runyan, Jon",runyan,jon,NJ,R,2015-01-03,2
S001186,"Southerland, Steve",southerland,steve,FL,R,2015-01-03,2
B001279,"Barber, Ron",barber,ron,AZ,D,2015-01-03,2
S000937,"Stockman, Steve",stockman,steve,TX,R,2015-01-03,2
M001171,"Maffei, Daniel",maffei,daniel,NY,D,2015-01-03,2
G000569,"Grimm, Michael",grimm,michael,NY,R,2015-01-03,2
G000562,"Gardner, Cory",gardner,cory,CO,R,2015-01-03,2
S001161,"Schwarz, John",schwarz,john,MI,R,2007-01-03,1
S001160,"Sodrel, Michael",sodrel,michael,IN,R,2007-01-03,1
S001166,"Sekula-Gibbs, Shelley",sekula-gibbs,shelley,TX,R,2007-01-03,1
B001258,"Boyda, Nancy",boyda,nancy,KS,D,2009-01-03,1
D000606,"Davis, David",davis,david,TN,R,2009-01-03,1
M001164,"Mahoney, Tim",mahoney,tim,FL,D,2009-01-03,1
S001167,"Sali, Bill",sali,bill,ID,R,2009-01-03,1
C001073,"Cazayoux, Donald",cazayoux,donald,LA,D,2009-01-03,1
A000364,"Adler, John",adler,john,NJ,D,2011-01-03,1
B001263,"Boccieri, John",boccieri,john,OH,D,2011-01-03,1
B001264,"Bright, Bobby",bright,bobby,AL,D,2011-01-03,1
C001079,"Cao, Anh",cao,anh,LA,R,2011-01-03,1
D000608,"Dahlkemper, Kathleen",dahlkemper,kathleen,PA,D,2011-01-03,1
D000609,"Driehaus, Steve",driehaus,steve,OH,D,2011-01-03,1
G000557,"Griffith, Parker",griffith,parker,AL,R,2011-01-03,1
H001044,"Halvorson, Deborah",halvorson,deborah,IL,D,2011-01-03,1
K000372,"Kilroy, Mary Jo",kilroy,mary jo,OH,D,2011-01-03,1
K000370,"Kosmas, Suzanne",kosmas,suzanne,FL,D,2011-01-03,1
K000371,"Kratovil, Frank",kratovil,frank,MD,D,2011-01-03,1
M001172,"Markey, Betsy",markey,betsy,CO,D,2011-01-03,1
M001173,"Massa, Eric",massa,eric,NY,D,2010-03-08,1
M001174,"McMahon, Michael",mcmahon,michael,NY,D,2011-01-03,1
M001175,"Minnick, Walter",minnick,walter,ID,D,2011-01-03,1
N000183,"Nye, Glenn",nye,glenn,VA,D,2011-01-03,1
P000600,"Perriello, Thomas",perriello,thomas,VA,D,2011-01-03,1
S001178,"Schauer, Mark",schauer,mark,MI,D,2011-01-03,1
T000466,"Teague, Harry",teague,harry,NM,D,2011-01-03,1
M001178,"Murphy, Scott",murphy,scott,NY,D,2011-01-03,1
D000611,"Djou, Charles",djou,charles,HI,R,2011-01-03,1
A000366,"Adams, Sandy",adams,sandy,FL,R,2013-01-03,1
B001272,"Berg, Rick",berg,rick,ND,R,2013-01-03,1
B001276,"Buerkle, Ann Marie",buerkle,ann marie,NY,R,2013-01-03,1
C001082,"Canseco, Francisco",canseco,francisco,TX,R,2013-01-03,1
C001085,"Clarke, Hansen",clarke,hansen,MI,D,2013-01-03,1
C001086,"Cravaack, Chip",cravaack,chip,MN,R,2013-01-03,1
H001054,"Hayworth, Nan",hayworth,nan,NY,R,2013-01-03,1
L000574,"Landry, Jeff",landry,jeff,LA,R,2013-01-03,1
Q000024,"Quayle, Ben",quayle,ben,AZ,R,2013-01-03,1
R000590,"Rivera, David",rivera,david,FL,R,2013-01-03,1
S001182,"Schilling, Robert",schilling,robert,IL,R,2013-01-03,1
W000811,"Walsh, Joe",walsh,joe,IL,R,2013-01-03,1
W000807,"West, Allen",west,allen,FL,R,2013-01-03,1
H001062,"Hochul, Kathleen",hochul,kathleen,NY,D,2013-01-03,1
T000471,"Turner, Robert",turner,robert,NY,R,2013-01-03,1
C001089,"Curson, David",curson,david,MI,D,2013-01-03,1
R000596,"Radel, Trey",radel,trey,FL,R,2014-01-27,1
N000187,"Negrete McLeod, Gloria",negrete mcleod,gloria,CA,D,2015-01-03,1
G000573,"Garcia, Joe",garcia,joe,FL,D,2015-01-03,1
E000292,"Enyart, William",enyart,william,IL,D,2015-01-03,1
B001280,"Bentivolio, Kerry",bentivolio,kerry,MI,R,2015-01-03,1
G000572,"Gallego, Pete",gallego,pete,TX,D,2015-01-03,1
M001192,"McAllister, Vance",mcallister,vance,LA,R,2015-01-03,1
T000473,"Takai, Mark",takai,mark,HI,D,2016-07-20,1
